location,month_out,Std Error,Mean Absolute Error,Mean Absolute Percent Error,Std Percent Error
Alabama,1,8.840985533869176,8.771428571428572,13.857440124569106,10.41725917724842
Alabama,2,4.206237864742069,3.5142857142857142,5.527177196837448,3.9287427269624815
Alabama,3,4.021580441032788,3.2857142857142856,5.133088526886709,3.763521134745779
Alabama,4,4.026174863765041,3.342857142857143,5.2724613491863614,3.6566445776976555
Alabama,5,4.0453313686709205,3.342857142857143,5.262457347585721,3.6609255654751336
Alabama,6,4.089338464303273,3.3714285714285714,5.272427437316528,3.670393595800124
Alabama,7,4.037221775412585,3.2857142857142856,5.108028344346006,3.630460842670565
Alabama,8,4.05529014390592,3.3142857142857145,5.1552886503681865,3.5881117039257715
Alabama,9,3.905824136449816,3.142857142857143,4.899425110922556,3.628241870589394
Alabama,10,3.9909561626804386,3.257142857142857,5.075131757217439,3.679170221961494
Alabama,11,4.024504771454767,3.257142857142857,5.063620303320811,3.677200064315002
Alabama,12,4.0173991335588415,3.2285714285714286,5.0053112654199365,3.7421491123948307
Alabama,13,8.810040109028398,9.114285714285714,14.522534966063022,10.853536044213014
Alabama,14,4.538722287164087,3.9714285714285715,6.0543395889656555,3.807248292688333
Alabama,15,4.220199525332119,3.6857142857142855,5.716498428405045,3.671899685731803
Alaska,1,3.1641372767126197,3.2857142857142856,38.583645113056875,36.69117552903448
Alaska,2,1.5861798090237507,1.2,12.891518378913336,11.546573386690204
Alaska,3,1.5861798090237507,1.2,12.891518378913336,11.546573386690202
Alaska,4,1.5046147501000005,1.1142857142857143,12.177232664627622,11.54876223723219
Alaska,5,1.5023790657297036,1.1142857142857143,11.859772347167304,11.574410373026458
Alaska,6,1.5046147501000007,1.1142857142857143,11.859772347167304,11.574410373026458
Alaska,7,1.4752866122334651,1.0857142857142856,11.955010442405401,11.600576249798198
Alaska,8,1.4741469545799968,1.0857142857142856,11.603362090757049,11.53589711339995
Alaska,9,1.375047745542317,1.0,10.378872294838681,10.332667243885517
Alaska,10,1.4741469545799968,1.0857142857142856,11.603362090757047,11.535897113399951
Alaska,11,1.4649977772662177,1.0571428571428572,11.195198825450925,11.689899423274898
Alaska,12,1.4649977772662177,1.0571428571428572,11.195198825450925,11.689899423274898
Alaska,13,2.9525661819548654,3.1142857142857143,32.53649641674851,30.476785675972067
Alaska,14,1.5556889365251947,1.2857142857142858,14.878044924263412,12.111066225757138
Alaska,15,1.5600043094101221,1.2857142857142858,15.005029051247535,12.045560736837484
Arizona,1,32.794701355170005,73.91428571428571,60.76173626314725,31.42918982907871
Arizona,2,8.306927351121274,6.371428571428571,5.34542065512208,5.638244056657949
Arizona,3,8.30996162355001,6.4,5.352053954283872,5.634257076918445
Arizona,4,8.286569066311841,6.371428571428571,5.31415219564227,5.661437624333805
Arizona,5,8.24600743726697,6.285714285714286,5.236189406080736,5.670008062082461
Arizona,6,8.315420523785612,6.457142857142857,5.3360620175457045,5.634751698780308
Arizona,7,8.106642156825695,6.142857142857143,5.0759091573165955,5.59195353258797
Arizona,8,8.061423858218147,6.057142857142857,5.0066675245851835,5.606981327076518
Arizona,9,8.015006932901168,5.9714285714285715,4.964076575161936,5.6177843683520985
Arizona,10,7.987069381877458,5.914285714285715,4.88175967583426,5.642453504003982
Arizona,11,7.942757390099688,5.771428571428571,4.719422013496597,5.683516081856899
Arizona,12,7.678081868309987,5.457142857142857,4.428011286342415,5.596771292458775
Arizona,13,31.40919953017031,73.85714285714286,54.30485032993217,25.074526714365266
Arizona,14,6.735956446095645,5.0285714285714285,3.5524115786265926,3.110946936337361
Arizona,15,6.725468963061925,4.942857142857143,3.484920015072037,3.1627207914643964
Arkansas,1,5.010409332646612,13.114285714285714,37.97118900992092,17.14502218219782
Arkansas,2,3.0189875313233268,2.2857142857142856,6.906828806433076,7.023456481139582
Arkansas,3,2.9938311926499863,2.257142857142857,6.871741087134829,7.021443243271729
Arkansas,4,3.009229500200001,2.2857142857142856,6.906373121766864,7.006450638826411
Arkansas,5,3.0075535159429005,2.2857142857142856,6.916906367323151,7.000458684341604
Arkansas,6,3.0075535159429005,2.2857142857142856,6.91690636732315,7.000458684341604
Arkansas,7,2.9741180459525314,2.257142857142857,6.900363770135392,6.993015230793347
Arkansas,8,2.9254030821883865,2.1714285714285713,6.570693440465064,7.039752856307057
Arkansas,9,2.84855853271189,2.057142857142857,6.284979154750777,7.099156568378994
Arkansas,10,2.83436296994195,2.057142857142857,6.252450014062243,7.070489617358344
Arkansas,11,3.0522068059937584,2.257142857142857,6.966735728347958,7.658602147511682
Arkansas,12,3.061553403698437,2.3142857142857145,7.163780063323328,7.5621988431417675
Arkansas,13,4.919007893413283,13.542857142857143,39.02013987080181,15.085054656828328
Arkansas,14,2.9977582660796283,2.257142857142857,6.8867212721061595,6.384924358595217
Arkansas,15,2.963928803055133,2.2,6.737911748296637,6.41085847944848
California,1,17.891737917661487,314.65714285714284,77.39771516997749,9.358809709447065
California,2,10.22042772378646,8.028571428571428,1.9087878392405424,1.355379534465022
California,3,10.169983846032963,7.942857142857143,1.8843256685854783,1.3701952693669632
California,4,10.861387936132271,8.542857142857143,2.0064681219706975,1.41116948678058
California,5,10.702862257555298,8.371428571428572,1.9615622619663697,1.40740560214406
California,6,10.627220479789171,8.2,1.9202382021217375,1.4379310905736016
California,7,10.817663737586585,8.371428571428572,1.9439440975799032,1.4462704252053902
California,8,10.962732898554174,8.657142857142857,1.997627050595978,1.4160525207098207
California,9,11.002520719583943,8.771428571428572,2.0167713554545683,1.3960589697117616
California,10,11.181316950140346,8.942857142857143,2.035034342467556,1.397628506826372
California,11,11.20923988607298,9.028571428571428,2.0430660464074957,1.389866129378247
California,12,11.165071586398886,8.971428571428572,2.0070790389919164,1.3965785223270148
California,13,20.847303999165295,315.0857142857143,71.006475332401,9.260624852452334
California,14,11.011987356795252,9.342857142857143,2.096177586630258,1.332099571757729
California,15,10.732813112643132,8.942857142857143,1.9949688047228895,1.3387608957881856
Colorado,1,12.184367998768414,25.2,31.477775862795696,16.651036286300602
Colorado,2,3.7611459008385935,2.9714285714285715,3.662740571560457,2.9736788761349753
Colorado,3,3.7611459008385935,3.0285714285714285,3.7210496094613323,2.9192566424376456
Colorado,4,3.883384125850489,3.142857142857143,3.853843467745386,2.908514181060204
Colorado,5,3.9985291413365553,3.257142857142857,3.9910713675303637,2.9011658030053433
Colorado,6,3.956273605343308,3.2285714285714286,3.934453920297824,2.8143470381970337
Colorado,7,3.7112139851667787,3.142857142857143,3.8076759363769836,2.6073375873458713
Colorado,8,3.7412081812513702,3.1142857142857143,3.7615326427435107,2.598739472495088
Colorado,9,3.736713155981341,3.085714285714286,3.7179260109015853,2.6296503005183256
Colorado,10,3.475726149872507,2.914285714285714,3.517474288710732,2.2728941123205066
Colorado,11,3.470645206767829,2.8857142857142857,3.4494470778263784,2.2406116408912276
Colorado,12,3.4754843686367884,2.8857142857142857,3.446039632558468,2.2440926657988847
Colorado,13,11.971745448163782,25.17142857142857,30.2489586215687,14.867310045827729
Colorado,14,3.845328935455163,3.0285714285714285,3.5727516026274224,2.9479209054147195
Colorado,15,3.834824944236852,2.942857142857143,3.477513507389328,3.0090933419763783
Connecticut,1,3.6241486974891917,4.0,4.671238883294862,3.3650360784705993
Connecticut,2,3.220731166008346,2.3714285714285714,2.783032607647239,2.5329363855464893
Connecticut,3,3.4426880254150443,2.5428571428571427,2.995522779976769,2.702897130965258
Connecticut,4,3.5074949762477723,2.657142857142857,3.1348956022764205,2.6694517977155794
Connecticut,5,3.519453739126108,2.6857142857142855,3.1661746208972112,2.6706523072163755
Connecticut,6,3.547516589049279,2.742857142857143,3.218331299559914,2.6489586327925365
Connecticut,7,3.453898053606372,2.6,3.035181116409731,2.6433746997208254
Connecticut,8,3.3631717722631858,2.5428571428571427,2.943382670952749,2.5891298193725882
Connecticut,9,3.305711888903353,2.4285714285714284,2.7987172098315916,2.6085784714571196
Connecticut,10,3.2860796289394893,2.4,2.732773662438519,2.607859853604482
Connecticut,11,3.292976993389355,2.4285714285714284,2.7536287197899267,2.588207662307422
Connecticut,12,3.5723024141042603,2.6285714285714286,2.952163616410243,2.735632184758202
Connecticut,13,4.210231634977827,4.314285714285714,4.913107396792672,4.334173550983496
Connecticut,14,2.875570823858319,2.2,2.446726152860163,2.239765463433699
Connecticut,15,3.287869223921999,2.3714285714285714,2.5763315118233208,2.5365343842506864
Delaware,1,2.9011733355125604,2.3714285714285714,9.448994577295132,9.44758774435172
Delaware,2,2.6227831775880093,2.1714285714285713,8.278005168857504,6.25257485589309
Delaware,3,2.593787017555022,2.142857142857143,7.8494337402860745,5.546941719138716
Delaware,4,2.6063916265450917,2.1714285714285713,7.86386375471609,5.541453043314608
Delaware,5,2.6096137709656277,2.1714285714285713,7.81502370587604,5.5698560578268035
Delaware,6,2.6609532631948953,2.2,7.946891837744173,5.804051293316786
Delaware,7,2.5937870175550217,2.142857142857143,7.731374596364862,5.720021521433838
Delaware,8,2.606391626545092,2.1714285714285713,7.754374851923258,5.705539671518177
Delaware,9,2.56413531545556,2.1142857142857143,7.4881965857449915,5.741013028842857
Delaware,10,2.700762419587999,2.2285714285714286,7.712405039009647,5.767932726233608
Delaware,11,2.6137966204563896,2.142857142857143,7.2835378399561135,5.582149801397372
Delaware,12,3.1657303643070738,2.4,7.688299744718019,6.475802624682807
Delaware,13,3.767396622460179,3.0,9.814618090590598,8.245604686218087
Delaware,14,3.2521486110316813,2.5428571428571427,8.177159957253982,6.457773123061511
Delaware,15,3.266072089032375,2.5714285714285716,8.163651007574822,6.451947014290968
District of Columbia,1,6.18863148554392,33.371428571428574,158.81824132724142,57.01242872229642
District of Columbia,2,4.730022118732372,3.4,15.396238624982558,18.516895157899892
District of Columbia,3,4.735348921860426,3.4571428571428573,15.696990504681805,18.344152770249625
District of Columbia,4,4.727534223242891,3.4571428571428573,15.628963293797451,18.38118517130477
District of Columbia,5,4.688982258640859,3.4,15.224201389035548,18.095843851487533
District of Columbia,6,4.683782139046437,3.3714285714285714,15.081344246178404,18.198378182335475
District of Columbia,7,4.810352980636591,3.5142857142857142,16.001979166813328,18.571388816923236
District of Columbia,8,4.882656667681415,3.6,16.151979166813323,18.615387078488137
District of Columbia,9,4.882656667681415,3.6,16.117965561371147,18.637884878049366
District of Columbia,10,4.934529342493849,3.6857142857142855,16.61247105587664,18.637364170043114
District of Columbia,11,4.934529342493849,3.6857142857142855,16.53718402406787,18.67556843602915
District of Columbia,12,4.953905173758197,3.742857142857143,16.715755452639296,18.542197301552687
District of Columbia,13,7.37438218463364,33.82857142857143,158.2025025740721,68.29801048076328
District of Columbia,14,4.419779834054248,3.9714285714285715,18.06911745541107,12.302968364623746
District of Columbia,15,4.221394090490355,3.8,17.331022217315834,12.134037610414847
Florida,1,86.29979989655175,277.85714285714283,69.42647009255256,19.364474379409018
Florida,2,16.817507884005032,14.571428571428571,3.600965607068481,2.043984255809248
Florida,3,16.71551385274603,14.257142857142858,3.4598773445818316,2.067401706743221
Florida,4,16.798759457999605,14.4,3.489730626862298,2.040277471861281
Florida,5,16.791354317979614,14.342857142857143,3.4806489606117244,2.0505259656258654
Florida,6,16.71611711578294,14.028571428571428,3.379497338082817,2.107508502708245
Florida,7,16.719736236912738,13.914285714285715,3.341374541339331,2.152832436727989
Florida,8,16.791354317979618,14.028571428571428,3.36215488995294,2.141231158859118
Florida,9,16.749664489302514,13.971428571428572,3.349771573397619,2.1425670166347723
Florida,10,16.32094081980869,13.428571428571429,3.216612049994193,2.1325794226182455
Florida,11,15.892231599435117,13.17142857142857,3.1685364439128345,2.0587838722617025
Florida,12,14.838231338124414,12.228571428571428,2.9908539342359957,2.037522167410104
Florida,13,79.5340421803533,277.57142857142856,67.91254735468496,21.890757465821828
Florida,14,17.796137811570336,15.057142857142857,3.644783800417617,2.3697336857602935
Florida,15,17.578730463428876,14.6,3.5330636508029856,2.3971276335342213
Georgia,1,10.80903761292591,11.942857142857143,9.907543480314262,5.130951284780852
Georgia,2,4.594113881146306,3.942857142857143,3.3188203711262254,2.1102089142686715
Georgia,3,4.569353520645853,3.9714285714285715,3.3330766676571932,2.1148068192343925
Georgia,4,4.9215697434350965,4.228571428571429,3.534757339926101,2.3944330084788508
Georgia,5,4.9650882006603,4.285714285714286,3.6065940746199785,2.4216558753523274
Georgia,6,5.02431064714271,4.285714285714286,3.592947590385259,2.424089770967358
Georgia,7,4.9106298694043025,4.2,3.481749264901219,2.269440010194482
Georgia,8,4.909603006422441,4.257142857142857,3.527100738824122,2.212973367298144
Georgia,9,4.911827604890878,4.285714285714286,3.554015174323092,2.18555159285763
Georgia,10,4.943716833967514,4.257142857142857,3.5254413842814123,2.1657476549747106
Georgia,11,5.156867005355516,4.457142857142857,3.6649371826007404,2.155511737734259
Georgia,12,5.314796216557077,4.628571428571429,3.82027980745556,2.139793164910035
Georgia,13,11.006262541210365,11.82857142857143,9.855186841026567,6.191337449738898
Georgia,14,4.392124349619556,3.4571428571428573,2.831523154020998,2.211174859476944
Georgia,15,4.392124349619556,3.5142857142857142,2.886007190198398,2.181021874942896
Hawaii,1,5.14610075116845,5.771428571428571,40.16705623074486,40.322477755449775
Hawaii,2,1.8047556225547152,1.4,9.264925571095405,9.237295469628082
Hawaii,3,1.8388889594105504,1.457142857142857,9.582385888555724,9.099420725775294
Hawaii,4,1.7718622402205335,1.4,9.233298885333383,9.088648486744406
Hawaii,5,1.7479880391106655,1.3714285714285714,9.077454729489226,9.121819445145336
Hawaii,6,1.704171845992143,1.3428571428571427,8.66392089490276,8.69693058092704
Hawaii,7,1.7320508075688772,1.3714285714285714,8.796605547711254,8.688666830427335
Hawaii,8,1.7320508075688774,1.3714285714285714,9.306809629343906,10.080877480954353
Hawaii,9,1.9818504213075656,1.4857142857142858,9.714972894650028,10.56593337423856
Hawaii,10,1.9725000133133102,1.457142857142857,9.605082784759919,10.648445400747509
Hawaii,11,2.0304406112049307,1.542857142857143,9.94793992761706,10.522529008308096
Hawaii,12,2.062877161847973,1.5714285714285714,9.936950916628051,10.516883643275776
Hawaii,13,4.468000135416744,6.0285714285714285,36.10723511795854,26.39491844833118
Hawaii,14,2.152582970614176,1.6571428571428573,9.271665099481764,8.661454803875547
Hawaii,15,2.157652007362158,1.6857142857142857,9.40771952125047,8.54819117992775
Idaho,1,3.5922418739099773,7.085714285714285,36.42643459109048,21.165405962224625
Idaho,2,2.3657215929737347,1.8,8.988432539220954,8.406352906769893
Idaho,3,2.387995186009252,1.8285714285714285,9.129125179913595,8.364382511598233
Idaho,4,2.3946719569729393,1.8571428571428572,9.271982322770738,8.245734879135663
Idaho,5,2.3904572186687876,1.8571428571428572,9.250088507773476,8.241724389612349
Idaho,6,2.373523424232032,1.8285714285714285,8.971176943147626,8.264623925331623
Idaho,7,2.4191115807949277,1.8857142857142857,9.332521480962752,8.361795169957109
Idaho,8,2.414243448488869,1.8857142857142857,9.373007310922265,8.337846296493783
Idaho,9,2.4051764903182953,1.8571428571428572,9.204940084031508,8.46853886409198
Idaho,10,2.2614786566062737,1.7714285714285714,9.031779910871336,8.242864194944728
Idaho,11,2.2027484741422785,1.7142857142857142,8.655013819819532,7.599759766626681
Idaho,12,2.417374087515541,1.8285714285714285,9.321680486486198,8.66936926938667
Idaho,13,4.01886308602342,6.714285714285714,35.33311707422774,24.209095188097102
Idaho,14,2.3834160922733494,1.8285714285714285,9.306239155020956,8.173106788424182
Idaho,15,2.385882850181441,1.8571428571428572,9.425286774068574,8.063173404538023
Illinois,1,19.529680062954043,16.65714285714286,8.050687590072549,6.803133333293365
Illinois,2,7.0992957397195395,5.857142857142857,2.7461019403558917,1.8187393252278097
Illinois,3,7.017145868118589,5.685714285714286,2.6310492078534944,1.862186450364285
Illinois,4,7.0534573440407,5.742857142857143,2.6601918634779884,1.853062871106172
Illinois,5,7.0391462431130645,5.742857142857143,2.6726843280524095,1.8486309126701383
Illinois,6,7.0391462431130645,5.742857142857143,2.6757692729165803,1.846408723631104
Illinois,7,6.9187359801502195,5.514285714285714,2.570919993755375,1.891938638581345
Illinois,8,6.918735980150219,5.514285714285714,2.558674058005026,1.8975720935839564
Illinois,9,6.683480198446406,5.285714285714286,2.445840463028574,1.8472243362817913
Illinois,10,6.831956546414859,5.371428571428571,2.4436013228583993,1.8432296086961195
Illinois,11,6.758374823291532,5.228571428571429,2.371457766858442,1.873498248987986
Illinois,12,6.571519911677956,5.057142857142857,2.2564837046078434,1.7920946549803285
Illinois,13,17.867627174315455,15.314285714285715,6.828798287846982,5.738045414419433
Illinois,14,6.37590000237897,5.085714285714285,2.254416993333194,1.6932960969295439
Illinois,15,6.842526438913254,5.371428571428571,2.3459081172835146,1.7654676991134095
Indiana,1,4.889020454897214,17.457142857142856,12.827814421307238,4.040759615210359
Indiana,2,4.417878117244016,3.4,2.4601616493433442,2.019108234360517
Indiana,3,4.474578051559253,3.5142857142857142,2.549447363629058,1.97574804109723
Indiana,4,4.425859836700395,3.4285714285714284,2.4782188722324996,1.9915316489284598
Indiana,5,4.47720651201846,3.5428571428571427,2.5711340870989337,1.9478932660256367
Indiana,6,4.45990541407786,3.5142857142857142,2.536779938253767,1.961555404498764
Indiana,7,4.500793580819149,3.5714285714285716,2.5771392344270163,1.9551849479173236
Indiana,8,4.64305752638036,3.7142857142857144,2.6753877292272357,1.9799596252254739
Indiana,9,4.696324327053441,3.7714285714285714,2.707082225207446,1.9888707354394948
Indiana,10,4.696324327053441,3.7714285714285714,2.7043974211981383,1.9861215542007487
Indiana,11,4.718460082083824,3.8285714285714287,2.7453922968386832,1.9600261080754502
Indiana,12,4.715966087076303,3.8285714285714287,2.7418831555255627,1.9636306553481995
Indiana,13,6.568066366771833,16.914285714285715,11.845180789007095,4.8300717252241485
Indiana,14,4.678396622560254,3.6285714285714286,2.5991331261863384,2.1942010571158015
Indiana,15,4.85192502730496,3.857142857142857,2.753573280626493,2.1961094003305512
Iowa,1,5.419386302816921,4.6,17.7873305282553,15.17355852084832
Iowa,2,2.944300861499247,2.257142857142857,8.661834256963601,6.948808367115003
Iowa,3,3.024271563103247,2.3714285714285714,9.13802473315408,6.908722840715442
Iowa,4,3.06566784367307,2.4571428571428573,9.423739018868366,6.7240081410126855
Iowa,5,3.0175954587951606,2.3714285714285714,9.094068689198036,6.897886768627383
Iowa,6,2.758333439115826,2.2285714285714286,8.624193736564461,6.3839605464995905
Iowa,7,2.7674579544072144,2.2285714285714286,8.649014475670915,6.3619114639315315
Iowa,8,2.7753416021101547,2.2285714285714286,8.616047442703884,6.38432666965481
Iowa,9,2.8156226828957345,2.257142857142857,8.788979773530949,6.639220360596266
Iowa,10,2.7795773815758515,2.2,8.570633348287974,6.711815467122604
Iowa,11,2.829912253294179,2.257142857142857,8.770935691447459,6.666756594559074
Iowa,12,2.8263466337513607,2.257142857142857,8.736233551482163,6.696241165443434
Iowa,13,6.35834659550511,5.6,22.119047222726525,15.860706062088537
Iowa,14,2.332452815054097,1.9714285714285715,7.585131860649804,4.7905904826148875
Iowa,15,2.431239266248367,2.0285714285714285,7.713336988854933,4.870577549947623
Kansas,1,4.667606948089004,4.6,16.743036977721445,13.02319959874232
Kansas,2,2.5661009234984955,2.0,7.571528322266496,5.849215271987258
Kansas,3,2.5493449479945913,1.9714285714285715,7.385062156852963,5.8562710596884475
Kansas,4,2.398528960940557,1.8571428571428572,6.888821555349202,5.479644134968908
Kansas,5,2.369980321160721,1.8285714285714285,6.749627416155064,5.460131458114008
Kansas,6,2.506126945888329,1.9714285714285715,7.169795483381955,5.4911929180580525
Kansas,7,2.616367357857169,2.085714285714286,7.415865203135885,5.562637163199206
Kansas,8,2.723381486808096,2.2285714285714286,7.8019655892362705,5.501412600790381
Kansas,9,2.601873920688637,2.142857142857143,7.414509143243239,5.383327921163378
Kansas,10,2.685159964250444,2.2,7.539057654888526,5.410752441604399
Kansas,11,2.685159964250444,2.2,7.481914797745669,5.372681914289175
Kansas,12,2.685159964250444,2.2,7.4066277659368955,5.373635935477385
Kansas,13,5.054659220158444,5.0,16.208717641984013,13.492162125711678
Kansas,14,2.76472376178735,2.3142857142857145,7.613565144765809,4.9727716794953505
Kansas,15,2.7522336230717017,2.2857142857142856,7.529531531320431,5.077793576538176
Kentucky,1,15.898734160277026,14.485714285714286,12.312765249317335,7.40335043811518
Kentucky,2,6.412042242085255,5.228571428571429,4.563128485193789,3.62784976719722
Kentucky,3,6.391038894519458,5.285714285714286,4.651986995104931,3.71039623866205
Kentucky,4,6.3629706079773145,5.2,4.548187543479392,3.7385631624831337
Kentucky,5,6.4677610324678225,5.257142857142857,4.631094876874689,3.7298749917094822
Kentucky,6,6.831956546414858,5.571428571428571,4.879250880275029,3.7538318719293473
Kentucky,7,6.916670885220272,5.6571428571428575,4.947813738489178,3.7283348476842906
Kentucky,8,6.690391956964489,5.428571428571429,4.77880274947819,3.6823666801846815
Kentucky,9,6.256156631536595,5.057142857142857,4.381282039066365,3.288221800583298
Kentucky,10,6.256156631536596,5.057142857142857,4.394702746799,3.28421479193782
Kentucky,11,6.101108867391623,4.942857142857143,4.309926608788434,3.1796390718526775
Kentucky,12,6.107303796591876,4.9714285714285715,4.340120660805667,3.151047888622771
Kentucky,13,16.50729403332118,14.685714285714285,12.332712013475247,6.850549685592372
Kentucky,14,5.432859871794469,4.371428571428571,3.8127979260974763,2.729902858743883
Kentucky,15,5.484125295076767,4.457142857142857,3.871889635648027,2.712134357556292
Louisiana,1,8.221717500343964,8.285714285714286,9.583364449703437,8.503318919283009
Louisiana,2,4.686293262037185,3.5714285714285716,3.9236155191045707,3.2338656445352867
Louisiana,3,5.013762571766878,3.857142857142857,4.203727563922499,3.3077680506350395
Louisiana,4,4.991084488339974,3.7714285714285714,4.096584706779641,3.3827802402340015
Louisiana,5,4.736413563591988,3.5714285714285716,3.846487920097488,3.1765312575473676
Louisiana,6,4.736413563591987,3.5714285714285716,3.846487920097489,3.1765312575473676
Louisiana,7,4.775990372018504,3.657142857142857,3.938974352872845,3.1797286618054033
Louisiana,8,4.840306956027834,3.7714285714285714,4.046791064463142,3.105345995372831
Louisiana,9,4.984513832989181,3.857142857142857,4.1495636840443675,3.2350264636077233
Louisiana,10,4.990242580116056,3.8857142857142857,4.180960858298686,3.198697494750567
Louisiana,11,5.006382481015457,3.942857142857143,4.2152775683224855,3.1837490697989446
Louisiana,12,5.159147867883714,4.142857142857143,4.395196705788792,3.1891748436841025
Louisiana,13,9.233843487206098,9.514285714285714,9.881321313640523,7.562159738189603
Louisiana,14,4.672465384902198,4.057142857142857,4.048866378904831,2.253129746228514
Louisiana,15,4.583125791073896,3.9714285714285715,3.9428755954946935,2.2759850550254423
Maine,1,9.789206884552572,9.17142857142857,29.70196716737103,19.4587792263341
Maine,2,2.9285611805518585,2.2,6.920968628377755,6.2633160090873226
Maine,3,2.951996902824546,2.257142857142857,7.278111485520613,6.213249200145546
Maine,4,3.0228819239345786,2.3714285714285714,7.9503803930836385,6.659508004287234
Maine,5,3.022881923934579,2.3714285714285714,7.98732620589152,6.689012484457433
Maine,6,2.893632534323852,2.2857142857142856,7.75850740564415,6.572700192324991
Maine,7,2.883741733677727,2.257142857142857,7.659985238156464,6.664413383589787
Maine,8,2.8837417336777267,2.257142857142857,7.684335887507114,6.64568100511746
Maine,9,2.8793673441436765,2.2285714285714286,7.596616589261498,6.657115115099891
Maine,10,2.879367344143677,2.2285714285714286,7.58674167155248,6.663514807349362
Maine,11,2.891017674328075,2.257142857142857,7.624073677525601,6.643989112495531
Maine,12,2.891017674328075,2.257142857142857,7.571163624615549,6.668275764984427
Maine,13,8.97409905124256,7.914285714285715,27.873056726361167,28.85831182369466
Maine,14,3.090511366133715,2.5142857142857142,8.421585473987697,6.458967795018498
Maine,15,3.0807071107979427,2.4857142857142858,8.319544657661169,6.565183698093626
Maryland,1,10.4547845988525,40.142857142857146,22.512996627942975,6.882154791251147
Maryland,2,6.6393276970569515,5.314285714285714,2.984693280313445,2.2004716979146313
Maryland,3,6.604302137447156,5.228571428571429,2.874712445874407,2.1980216296569006
Maryland,4,7.130594515975544,5.542857142857143,2.9800290300642303,2.315095112135832
Maryland,5,6.938747616637671,5.3428571428571425,2.843358977427791,2.27964152531075
Maryland,6,7.059768844264929,5.485714285714286,2.901734290294122,2.2623527782763917
Maryland,7,7.696228477189932,5.885714285714286,3.0965829614699096,2.4636516956751966
Maryland,8,7.690985665322858,5.885714285714286,3.100555459560054,2.4619430153006676
Maryland,9,7.695573321039557,5.914285714285715,3.1152002063476587,2.4476801271264046
Maryland,10,7.682458465050553,5.857142857142857,3.0830463698459956,2.4749976817481283
Maryland,11,7.784168376321543,5.9714285714285715,3.1160021830385705,2.4814482706114616
Maryland,12,7.8790222487716495,6.114285714285714,3.182526816607413,2.4951919818743256
Maryland,13,10.093096067872047,39.2,20.60446660073984,6.2362508055260495
Maryland,14,6.488775052401823,4.9714285714285715,2.5989108196767625,2.084653259620263
Maryland,15,6.488775052401822,4.9714285714285715,2.5989108196767625,2.0846532596202625
Massachusetts,1,32.58516959156304,107.82857142857142,60.3094682331326,23.18537115566417
Massachusetts,2,10.513296902718285,9.428571428571429,5.201087165661002,3.413803433376489
Massachusetts,3,10.091763843798152,8.971428571428572,4.917793570480542,3.187825193934774
Massachusetts,4,9.863096484821973,8.542857142857143,4.6914469932022875,3.209683412655181
Massachusetts,5,9.855937083723664,8.514285714285714,4.686923513515538,3.211920508552538
Massachusetts,6,10.091014390464986,8.514285714285714,4.701941911052521,3.2254405230515064
Massachusetts,7,9.590962132228901,8.114285714285714,4.503658342305873,2.950373467112641
Massachusetts,8,9.347807903730267,7.828571428571428,4.342226393639882,2.9203813445603863
Massachusetts,9,9.029177726690735,7.457142857142857,4.162700037642938,2.9229894891182138
Massachusetts,10,8.998599330782897,7.4,4.12226962028217,2.9492981779148675
Massachusetts,11,8.97643975015904,7.314285714285714,4.08004583421602,2.998440235488297
Massachusetts,12,8.97643975015904,7.314285714285714,4.0862034696839995,2.9944377819635197
Massachusetts,13,32.031575807935134,106.91428571428571,59.16140937435681,19.577546873628766
Massachusetts,14,8.522634224090991,8.4,4.63626082532733,2.9464874944679957
Massachusetts,15,8.680413574935976,8.257142857142858,4.560441641348753,2.9334280006374094
Michigan,1,8.578162620840189,9.314285714285715,4.509687682595945,2.3881729969650864
Michigan,2,4.769828141998586,3.8285714285714287,1.7978503297925008,1.2815729651428989
Michigan,3,4.952378258995174,4.057142857142857,1.9098951477196713,1.2911590457245845
Michigan,4,4.969148516072942,4.085714285714285,1.924888180369205,1.2847909804256974
Michigan,5,5.212783253090183,4.3428571428571425,2.067745323226348,1.3412046805791458
Michigan,6,5.051499486174727,4.2,1.9701843476165914,1.2519924691825361
Michigan,7,4.960855171602316,4.085714285714285,1.9032497736272656,1.2363886971025215
Michigan,8,4.98097219763506,4.114285714285714,1.8941261241674816,1.2368318761587462
Michigan,9,4.933677783417584,4.0285714285714285,1.845723371854115,1.256112730212277
Michigan,10,4.911827604890878,3.9714285714285715,1.8114414933030634,1.276556669654604
Michigan,11,5.185953880151541,4.228571428571429,1.9703870253829239,1.4435562371104853
Michigan,12,5.220837371259793,4.3428571428571425,2.0258655274633677,1.4023271275602573
Michigan,13,10.908943212649277,10.742857142857142,5.199151168114903,3.340385231966905
Michigan,14,5.268903542276622,4.228571428571429,2.041744402893154,1.5929225886819045
Michigan,15,5.267946516831931,4.228571428571429,2.0453112291081763,1.5892522497999548
Minnesota,1,8.650350942509295,7.457142857142857,13.298872754058726,8.154194446927132
Minnesota,2,2.3774147388152818,1.8571428571428572,3.252598003505644,2.6683100727634765
Minnesota,3,2.5361255436411745,1.9714285714285715,3.4774969253385284,2.8473848858353836
Minnesota,4,2.5447259679778567,2.0,3.516635868587061,2.807311589423823
Minnesota,5,2.5585578921327845,2.0285714285714285,3.558992433854677,2.8514444463781317
Minnesota,6,2.5706814974524823,2.057142857142857,3.6107867364813875,2.8379927280810517
Minnesota,7,2.5592146904729924,2.0285714285714285,3.52707829456399,2.7649843177896583
Minnesota,8,2.567737780795455,2.057142857142857,3.5703683378540334,2.7196273454400717
Minnesota,9,2.5706814974524823,2.085714285714286,3.610609786546187,2.675302941747183
Minnesota,10,2.5706814974524823,2.085714285714286,3.563083926887255,2.6250103837597036
Minnesota,11,2.506462236136118,2.0285714285714285,3.4406349472954187,2.552057409227963
Minnesota,12,2.4225828289297375,1.9428571428571428,3.258901926218135,2.4419302631599673
Minnesota,13,8.637615606250636,7.371428571428571,12.97446198428538,8.849369867621512
Minnesota,14,2.877907736738006,2.3142857142857145,3.966983859183147,2.9719290950855326
Minnesota,15,2.9098499773624593,2.342857142857143,3.9842918075255787,2.9705830534160618
Mississippi,1,8.380950789406521,13.285714285714286,47.47962660484588,24.864800467511767
Mississippi,2,3.075246796135695,2.4571428571428573,8.524070580290644,6.266370293065362
Mississippi,3,3.079342939845523,2.4285714285714284,8.493767549987615,6.281180486957804
Mississippi,4,3.1750074439137244,2.5428571428571427,8.917047973268039,6.190482478527404
Mississippi,5,3.422613871631697,2.657142857142857,9.575056631276697,7.710970015798986
Mississippi,6,3.3811141319259317,2.6,9.293101744058651,7.7809762939653275
Mississippi,7,3.4208947672214887,2.6285714285714286,9.42081566487602,7.835241727117334
Mississippi,8,3.3514075808694535,2.5142857142857142,8.997535241595598,7.934808198943397
Mississippi,9,3.5010202594590702,2.657142857142857,9.316412792616006,7.916103143809172
Mississippi,10,3.5141968971491577,2.6857142857142855,9.360892122809622,7.88719442550894
Mississippi,11,3.6603714740079445,2.857142857142857,9.88037264229014,7.85119652860393
Mississippi,12,3.6980576323390144,2.942857142857143,10.175939144753196,7.660709777402553
Mississippi,13,8.012280490313739,13.257142857142858,49.78479204350155,29.37422846876572
Mississippi,14,3.456330205202472,2.657142857142857,9.417288791481859,8.781896081531167
Mississippi,15,3.5294677866702306,2.7714285714285714,9.758023325764778,8.76594539771576
Missouri,1,8.848681238685543,23.37142857142857,19.867619296854084,7.935273434574859
Missouri,2,3.4672537748909873,2.6,2.2288310501779147,1.9457733041604068
Missouri,3,3.303931958523756,2.4571428571428573,2.1084765064855153,1.9017336793919284
Missouri,4,3.3373365317346138,2.4857142857142858,2.1097077682209786,1.9020225538929192
Missouri,5,3.3561682833580453,2.5142857142857142,2.127593947082768,1.8942075958727425
Missouri,6,3.3148507197334913,2.4857142857142858,2.076827371795936,1.8446922126436658
Missouri,7,3.3481463578543647,2.5714285714285716,2.1699950736592903,1.8188811564133747
Missouri,8,3.348146357854364,2.5714285714285716,2.1670533564318584,1.8194059247889407
Missouri,9,3.501980232128458,2.657142857142857,2.2693732587517608,1.9850333869461771
Missouri,10,3.517781959696535,2.7142857142857144,2.3104832279192844,1.9512644562633532
Missouri,11,3.5569791734470604,2.742857142857143,2.2877571563585843,1.9268918027393855
Missouri,12,3.5755942093000193,2.7714285714285714,2.298429888403025,1.9247970406483663
Missouri,13,8.5623761722016,23.542857142857144,18.599264840187885,6.451441948423316
Missouri,14,3.538028696721315,2.8857142857142857,2.319543926163366,1.628488800170094
Missouri,15,3.5487007919694173,2.914285714285714,2.332991081863298,1.6176465159954225
Montana,1,2.813159353150562,2.4857142857142858,31.736221761431846,33.49521114072106
Montana,2,2.039834397628371,1.3142857142857143,16.198679471788715,20.068529637178926
Montana,3,2.117156805996304,1.3857142857142857,16.938939212048453,20.27541961417792
Montana,4,2.117156805996304,1.3857142857142857,16.938939212048453,20.275419614177924
Montana,5,2.2860556467785442,1.5285714285714285,18.367510640619884,20.801461547505763
Montana,6,2.2332476257645935,1.4714285714285715,17.945432718541966,20.765296871323415
Montana,7,2.2386971000745843,1.5,18.16521293832218,20.60990213288066
Montana,8,2.2494630545117755,1.5142857142857142,18.072448559843515,20.60208714838382
Montana,9,2.2412294045227674,1.4857142857142858,17.881972369367325,20.740990617225254
Montana,10,2.2140688427273743,1.457142857142857,17.20170026052379,20.7705180383768
Montana,11,2.21416372664791,1.4714285714285715,17.303741076850322,20.692149441120808
Montana,12,2.2979713377036632,1.542857142857143,18.228911144877532,21.26909292733099
Montana,13,2.9480801329998196,2.6142857142857143,30.62083609667643,25.065646241342154
Montana,14,2.124585970540728,1.5142857142857142,20.366086994238252,26.913335329141532
Montana,15,2.2461919221786246,1.6142857142857143,21.473229851381113,27.11186141685637
Nebraska,1,4.400773423239268,3.6285714285714272,40.896435075979994,38.546439880563334
Nebraska,2,1.6190249627678268,1.2428571428571438,14.327493213711325,19.457214969339756
Nebraska,3,1.7086723377512887,1.3285714285714294,14.93973811167051,19.329844347416802
Nebraska,4,1.6416469378444574,1.2666666666666675,14.455698341916454,19.398178289044086
Nebraska,5,1.5966672806908648,1.2095238095238106,13.97950786572598,19.546309443610888
Nebraska,6,1.636177709683681,1.238095238095239,14.005481891700006,19.540225260265107
Nebraska,7,1.6360635730127704,1.2476190476190485,14.148339034557146,19.452902856804595
Nebraska,8,1.7570320234074224,1.3142857142857152,14.566182061095825,19.775142729039548
Nebraska,9,1.7927517722484885,1.3619047619047624,14.955792450706209,19.70611890198935
Nebraska,10,1.7899371171319538,1.3619047619047624,14.93747743239119,19.71275166557654
Nebraska,11,1.8997641015285527,1.4571428571428584,15.613468108381877,19.751537809325463
Nebraska,12,2.0086995667794225,1.542857142857144,15.85156334647711,19.814733069623248
Nebraska,13,3.5116386453796187,2.7047619047619005,23.885891059486774,22.13739664043301
Nebraska,14,1.869418240118903,1.4047619047619033,14.008874780436022,14.023124790435034
Nebraska,15,1.9910279615324598,1.5190476190476176,14.961255732816975,14.174825526676575
Nevada,1,16.800360140197476,58.57142857142857,107.05025295253985,38.79797065590824
Nevada,2,4.38005410349916,3.257142857142857,6.1341685951637,6.30040841880833
Nevada,3,4.426429408781345,3.342857142857143,6.27022301693241,6.214882938096282
Nevada,4,4.426429408781345,3.342857142857143,6.261282804602366,6.219371738200155
Nevada,5,4.377559275450651,3.2857142857142856,6.162854916700795,6.26274158892969
Nevada,6,4.464236974523852,3.3714285714285714,6.345225737369487,6.298395040675771
Nevada,7,4.4188290779535775,3.342857142857143,6.282431388860854,6.315239956232881
Nevada,8,4.797933728932371,3.657142857142857,6.909348822500975,6.897686932830188
Nevada,9,4.777925431457824,3.6285714285714286,6.9495347810542825,6.900868212872024
Nevada,10,4.859020892485795,3.7142857142857144,7.066248133061751,6.839751766457034
Nevada,11,4.904636804583388,3.742857142857143,7.08568447902871,6.831983155618461
Nevada,12,4.996973874172213,3.857142857142857,7.283400992534696,6.7759653017991495
Nevada,13,16.07660234182406,59.31428571428572,109.37933629414486,35.89431582398741
Nevada,14,4.682705531254018,3.857142857142857,7.387204155667203,6.816956513081406
Nevada,15,4.852964094674684,4.0285714285714285,7.710654290438093,6.724080524468519
New Hampshire,1,10.893834506366472,10.0,27.271818452581385,20.178215817929164
New Hampshire,2,4.165686159142403,3.5428571428571427,9.573294787137938,6.393052661377046
New Hampshire,3,4.162053468617414,3.5428571428571427,9.522613760847154,6.404010920224989
New Hampshire,4,3.903241488512728,3.3714285714285714,9.25199899469361,6.181520964538619
New Hampshire,5,3.805127014521152,3.2285714285714286,8.954379947074562,6.37163679448873
New Hampshire,6,3.9328395455136866,3.3142857142857145,9.18821657115509,6.517669140564107
New Hampshire,7,3.946703762411779,3.342857142857143,9.340490664523152,6.4632871695365415
New Hampshire,8,3.987796510405636,3.4,9.537013718189062,6.507202875938872
New Hampshire,9,4.079668795256742,3.4857142857142858,9.967852720456637,6.834968878992988
New Hampshire,10,4.0453313686709205,3.4285714285714284,9.848805101409019,6.900249909943723
New Hampshire,11,4.002100288934433,3.4,9.94537944543234,6.958181801167116
New Hampshire,12,3.979358505795508,3.4,9.993398653115413,6.94405735555495
New Hampshire,13,10.62239587464368,9.4,26.153851741427136,21.08330027218821
New Hampshire,14,4.105745103771404,3.142857142857143,8.860499662768856,7.971008928981224
New Hampshire,15,4.043876998187579,3.085714285714286,8.508851311120505,7.733056732900241
New Jersey,1,19.454838891713315,18.428571428571427,9.668801082367274,5.654271060509324
New Jersey,2,6.876827488204209,5.085714285714285,2.4165159873008637,2.1387813213630245
New Jersey,3,7.120570272696097,5.371428571428571,2.5271907122822745,2.152181983498798
New Jersey,4,7.365944804106453,5.628571428571429,2.6588715067092035,2.211429519757489
New Jersey,5,7.376205214156162,5.6571428571428575,2.6648107245015837,2.207263993929519
New Jersey,6,7.391569124187845,5.685714285714286,2.683125742816602,2.2035847814517835
New Jersey,7,7.423899629863386,5.771428571428571,2.7235248493552535,2.1786055976688723
New Jersey,8,7.449775812993674,5.8,2.688524388822878,2.163057496002076
New Jersey,9,7.633077069322599,5.942857142857143,2.7315955981695885,2.197801231827701
New Jersey,10,7.647924967108464,6.0285714285714285,2.766019006086972,2.162917325215327
New Jersey,11,7.530330826261298,5.828571428571428,2.609419202677656,2.1320496423297426
New Jersey,12,7.547385322751452,5.914285714285715,2.6492863123122077,2.0945368909879316
New Jersey,13,18.301857370039727,16.942857142857143,7.356019351124989,3.948566492369036
New Jersey,14,8.862156347416267,7.114285714285714,3.0851764370789603,2.257823463256886
New Jersey,15,8.796294101265962,7.057142857142857,3.0556275217614064,2.246611451130269
New Mexico,1,4.526671658351311,3.5428571428571427,8.95143220870136,7.809471427559603
New Mexico,2,2.4791568097631416,1.9142857142857144,4.6204972885699656,3.851561632353162
New Mexico,3,2.4733877696033693,1.8857142857142857,4.536463675124589,3.920742866897278
New Mexico,4,2.4733877696033693,1.8857142857142857,4.536463675124588,3.9207428668972777
New Mexico,5,2.4672646712469244,1.8857142857142857,4.565214798215333,3.9328977800121514
New Mexico,6,2.4947002649145458,1.9142857142857144,4.601229203977638,3.9510433435631396
New Mexico,7,2.6489255789261192,2.0285714285714285,4.773544693366298,4.092455495209798
New Mexico,8,2.648925578926119,2.0285714285714285,4.7539835954996805,4.105557458143298
New Mexico,9,2.6368430322016874,2.0,4.678186143136274,4.137640421445986
New Mexico,10,2.8653244203080126,2.142857142857143,4.861513711451735,4.384819995674605
New Mexico,11,2.961376014483751,2.2285714285714286,5.017529785835157,4.402857162223355
New Mexico,12,2.9500035607441837,2.2,4.9381647064700775,4.468957629589875
New Mexico,13,5.103631924769792,4.171428571428572,10.092975113672486,8.744348440668677
New Mexico,14,2.395724482973643,2.0285714285714285,4.60127451122627,3.2650996626327484
New Mexico,15,2.402029953843137,2.0,4.528198740037291,3.297176564966651
New York,1,34.39884696132862,157.11428571428573,50.343652008981195,9.938147679095756
New York,2,9.351942233002287,7.685714285714286,2.482634093699773,1.780261366216193
New York,3,9.496394716156336,7.857142857142857,2.537515902538416,1.7652668533239526
New York,4,9.45373520063353,7.714285714285714,2.4913427736702136,1.7708658635907337
New York,5,9.205131926350246,7.428571428571429,2.4121091436657847,1.7545177087251986
New York,6,9.223189626737396,7.542857142857143,2.4479911905049696,1.7228509819984947
New York,7,9.543091125798501,7.8,2.5460851869040506,1.7756437562639473
New York,8,9.582284073603063,7.857142857142857,2.5651221558990858,1.773792388482763
New York,9,9.38504084150083,7.571428571428571,2.478804731697702,1.7901882197227934
New York,10,10.179481752009568,8.028571428571428,2.5945824545129996,1.948278763380149
New York,11,10.301586726113129,8.2,2.6450363484451542,1.9286251782830817
New York,12,10.177830578965128,8.0,2.5826094522956,1.94317537632219
New York,13,33.03825132206861,156.94285714285715,50.996911579715416,12.599299849345899
New York,14,9.770733180818945,8.057142857142857,2.596645789140552,1.8397314645076086
New York,15,9.865226255673525,8.228571428571428,2.658221928386594,1.8235086456518512
North Carolina,1,19.37749712831828,36.57142857142857,19.758358172222387,10.175822552867054
North Carolina,2,7.174651925501394,5.457142857142857,2.9219655735314474,2.5176647092429683
North Carolina,3,7.316149972503848,5.571428571428571,2.988206125601959,2.517103239391934
North Carolina,4,7.331525114476639,5.6,2.995865133260967,2.512527826262239
North Carolina,5,7.393728889454651,5.742857142857143,3.0644442619450896,2.4924221342730615
North Carolina,6,7.475787246704068,5.942857142857143,3.14374772245973,2.4768466203580095
North Carolina,7,7.532227677222232,6.142857142857143,3.25127460418016,2.441823459986266
North Carolina,8,7.6334073363751,6.171428571428572,3.2496817849838777,2.4418998716931597
North Carolina,9,7.638029575637903,6.285714285714286,3.3008377546181085,2.4037539884587846
North Carolina,10,7.586143936937446,6.142857142857143,3.2177611305884275,2.4305841825236647
North Carolina,11,7.530107635910882,6.057142857142857,3.140977449153583,2.3954917171151546
North Carolina,12,7.694044406404937,6.314285714285714,3.2685569867443,2.4082152805843746
North Carolina,13,21.24534551101377,38.6,20.155065984400032,11.158911939414507
North Carolina,14,7.0087580266142915,6.114285714285714,3.2037315739069068,2.6579466557521827
North Carolina,15,6.997838802027356,6.314285714285714,3.3327638319714223,2.6069753671545413
North Dakota,1,5.520651323568131,7.585714285714287,164.652036886509,187.1051822617537
North Dakota,2,2.276437172384351,1.704761904761905,34.7150631746905,34.0152068839117
North Dakota,3,2.351936643645747,1.7761904761904763,35.437198182539795,34.14896811733908
North Dakota,4,2.3441426297335406,1.7571428571428571,35.10462070710518,34.30066818813439
North Dakota,5,2.1856526479900076,1.6285714285714286,33.22253453930472,34.05530003689238
North Dakota,6,2.33869931210826,1.7428571428571429,35.53422285099304,35.16071242339589
North Dakota,7,2.345138205440007,1.7476190476190478,35.02401876936039,35.180880353242365
North Dakota,8,2.350824795163112,1.7571428571428571,35.368456939885505,35.03999200621603
North Dakota,9,2.3543768962426466,1.7666666666666668,35.426176997605566,34.99707048772609
North Dakota,10,2.4027781150995806,1.823809523809524,35.79723451152022,34.83480709534167
North Dakota,11,2.4031375383051223,1.8285714285714285,35.868353868353864,34.76682444216125
North Dakota,12,2.4050891421135736,1.8428571428571427,36.088134088134076,34.55709296935251
North Dakota,13,5.441510575958907,7.638095238095241,152.50919252704972,138.00133490359428
North Dakota,14,2.7025077402111224,2.119047619047619,46.5634484563056,50.60320811105652
North Dakota,15,2.689025661884017,2.0761904761904764,45.70630559916274,51.14321628298394
Ohio,1,11.425903049833813,16.485714285714284,4.838765681807844,3.4073922078653593
Ohio,2,6.76930789754497,5.257142857142857,1.4333664204928749,1.1219316327786788
Ohio,3,6.641099433126436,5.114285714285714,1.3880357784750184,1.1105275476409613
Ohio,4,6.540115384585923,4.942857142857143,1.3323589483351463,1.1148408951706794
Ohio,5,6.550129897999907,4.9714285714285715,1.3522118767753324,1.1270052165112152
Ohio,6,6.915820372780906,5.257142857142857,1.424521724472716,1.1783117380394632
Ohio,7,7.128826556118959,5.542857142857143,1.5083089050340899,1.1783015153621235
Ohio,8,6.938142051446513,5.371428571428571,1.4471400552298548,1.1373969020343497
Ohio,9,6.466071762176278,5.0,1.356491506247972,1.0982770942175646
Ohio,10,6.812371346406811,5.228571428571429,1.4163427258088106,1.152329486803979
Ohio,11,6.815084603382449,5.285714285714286,1.4328104079825448,1.135488858975815
Ohio,12,6.907309488487388,5.371428571428571,1.462657104495908,1.1438234191686851
Ohio,13,12.732080833584947,17.485714285714284,4.569669816461103,2.870594867627899
Ohio,14,6.907309488487388,5.228571428571429,1.4726303952282567,1.3320489655741785
Ohio,15,6.82210938570969,5.057142857142857,1.4407472783451398,1.3471082696256143
Oklahoma,1,4.347702957701154,8.457142857142857,13.400587950394963,7.4644877685107
Oklahoma,2,3.132373653618347,2.2,3.5104622807245063,3.555275817899737
Oklahoma,3,3.0189875313233268,2.057142857142857,3.2683315301191795,3.4953266741470634
Oklahoma,4,3.0189875313233268,2.057142857142857,3.26833153011918,3.4953266741470634
Oklahoma,5,3.1167748898959178,2.142857142857143,3.5361886729763228,3.827456877622816
Oklahoma,6,3.1010976641649126,2.1142857142857143,3.51763579728059,3.831552796832777
Oklahoma,7,3.1010976641649126,2.1142857142857143,3.5544926452829486,3.828982403688196
Oklahoma,8,3.1040770154181194,2.142857142857143,3.603753729026791,3.7928278288463497
Oklahoma,9,3.334313581357268,2.342857142857143,3.948581315233687,3.9986009221158434
Oklahoma,10,3.402174292414542,2.4571428571428573,4.168361535013907,3.9865697073604935
Oklahoma,11,3.5955154140174357,2.657142857142857,4.525504392156765,4.158371319279708
Oklahoma,12,3.747716391519041,2.8,4.7409751958628625,4.180690316007688
Oklahoma,13,5.127451248185691,8.714285714285714,15.499858405935347,10.05620105496348
Oklahoma,14,3.137466729543374,2.4285714285714284,4.315611648472932,3.817319701603384
Oklahoma,15,3.2136787475472675,2.5428571428571427,4.530523929174685,3.851240639516993
Oregon,1,8.286569066311841,7.428571428571429,17.473353497990914,8.984279086061322
Oregon,2,2.392916718184748,1.8857142857142857,4.378556959737909,3.5333723319636143
Oregon,3,2.367496994043862,1.8857142857142857,4.36076468455072,3.532350895798997
Oregon,4,2.4055258514197555,1.9142857142857144,4.397830321616356,3.5212297041823515
Oregon,5,2.4055258514197555,1.9142857142857144,4.395007057923527,3.5230228477658474
Oregon,6,2.3288472280861847,1.8571428571428572,4.243835478180519,3.5151544531564705
Oregon,7,2.3129158722125567,1.8571428571428572,4.243835478180519,3.5151544531564705
Oregon,8,2.2012219677398517,1.7428571428571429,4.0019959116415995,3.3495520974579307
Oregon,9,2.385882850181441,1.8571428571428572,4.156057536291461,3.4225351635252563
Oregon,10,2.5493449479945913,2.0,4.430782811016735,3.464769090348536
Oregon,11,2.552639102292884,2.0,4.410432790666715,3.47812128256641
Oregon,12,2.5493449479945913,2.0,4.380995561229485,3.49446721988276
Oregon,13,7.85338336337281,6.8,14.906614609836843,8.881533052188665
Oregon,14,3.0943157427719603,2.342857142857143,5.1988654554699325,4.973376639946039
Oregon,15,3.0422791102845825,2.2857142857142856,5.079384935989412,5.003703676460786
Pennsylvania,1,28.600023505896203,140.25714285714287,35.15626059689746,6.051976748464237
Pennsylvania,2,9.937874246427912,8.285714285714286,2.1033984486968835,1.4354224121685355
Pennsylvania,3,9.740067123127295,8.114285714285714,2.0225249136629784,1.3315463366891378
Pennsylvania,4,9.608032353936249,8.0,1.9961134089906043,1.3156944806497308
Pennsylvania,5,8.950658395575475,7.514285714285714,1.864620811951789,1.1661738937877835
Pennsylvania,6,8.954600714134598,7.485714285714286,1.8567930233020828,1.1761486899789602
Pennsylvania,7,9.342952226278426,7.685714285714286,1.8932248571872772,1.2681193002902922
Pennsylvania,8,9.461998296591789,7.914285714285715,1.9543499423222763,1.2566027489457672
Pennsylvania,9,9.435495293230314,7.885714285714286,1.9540818654337004,1.256590405509294
Pennsylvania,10,9.435495293230312,7.885714285714286,1.9542855920000517,1.2563533732867882
Pennsylvania,11,9.179077414690102,7.6571428571428575,1.8988744000918676,1.2431171348334513
Pennsylvania,12,9.239847937924432,7.771428571428571,1.9332411942135797,1.211732041277979
Pennsylvania,13,25.724069100599873,139.0857142857143,36.20745332343672,10.002039231522662
Pennsylvania,14,9.716831104979084,7.6571428571428575,2.03713079504057,1.7753943772995573
Pennsylvania,15,9.711121580586928,7.628571428571429,2.0312879671118527,1.7819274451569058
Rhode Island,1,4.883000868215324,15.542857142857143,60.09619198724955,20.730651473223332
Rhode Island,2,3.6148619462928733,2.942857142857143,11.630871446106209,9.11614043240107
Rhode Island,3,3.6004201435504766,2.8857142857142857,11.392776208010972,9.311529606823136
Rhode Island,4,3.6283199807008395,2.942857142857143,11.59191040714517,9.201305543445736
Rhode Island,5,3.6257714334186812,2.914285714285714,11.48986959081864,9.312004637364417
Rhode Island,6,3.5922418739099777,2.8857142857142857,11.254575473171581,9.193943229419753
Rhode Island,7,3.481765224082499,2.742857142857143,10.68314690174301,9.255724109810078
Rhode Island,8,3.481765224082499,2.742857142857143,10.696036268015835,9.248265441513748
Rhode Island,9,3.4682230938293785,2.6857142857142855,10.476256048235614,9.411704625284829
Rhode Island,10,3.4682230938293785,2.6857142857142855,10.442242442793438,9.421822592095891
Rhode Island,11,3.468223093829379,2.6857142857142855,10.442242442793438,9.421822592095891
Rhode Island,12,3.3499027955294163,2.5428571428571427,9.847004347555343,9.40411370596962
Rhode Island,13,5.2296825746820215,15.342857142857143,60.948557639812066,24.26708849783033
Rhode Island,14,3.1710348760103457,2.4571428571428573,9.53024302257597,7.321609304988179
Rhode Island,15,3.1853129339823045,2.4857142857142858,9.635802487741346,7.2576977885946325
South Carolina,1,11.523596544088326,13.2,16.316986935251865,11.305753493564943
South Carolina,2,4.652278740465966,3.3714285714285714,4.093786113849563,3.676192056633482
South Carolina,3,5.070594084498176,3.657142857142857,4.337371412046512,3.886544164613698
South Carolina,4,5.616901265994692,4.0,4.663185948387364,4.409270582666228
South Carolina,5,5.674948635609552,4.114285714285714,4.8062480512773,4.452422086322849
South Carolina,6,5.653585164308046,4.0,4.647517892547142,4.523386443420326
South Carolina,7,5.511332862018623,3.857142857142857,4.395417052211006,4.179095560614436
South Carolina,8,5.495146827470781,3.8285714285714287,4.36140344676883,4.180869250136593
South Carolina,9,5.455395910272244,3.8,4.311867843053661,4.180141667534705
South Carolina,10,5.491016345286334,3.857142857142857,4.346273735668508,4.1864969537814
South Carolina,11,5.530359296608117,3.914285714285714,4.3549496698102805,4.184311487444366
South Carolina,12,5.452314287753135,3.742857142857143,4.160144475005086,4.22477839999123
South Carolina,13,11.225196747353996,12.82857142857143,14.322974758994123,9.311092390966863
South Carolina,14,4.885581599259725,3.8285714285714287,4.24173200350789,3.345370706415885
South Carolina,15,4.642152499857451,3.6857142857142855,4.043319305095191,3.0324735177379027
South Dakota,1,4.035018283604128,3.604761904761903,69.43144924433741,59.118451969049126
South Dakota,2,1.9373111787151285,1.471428571428571,27.727750050731412,26.414117186888067
South Dakota,3,1.8010915872591289,1.371428571428571,24.682224148062655,21.89983531168906
South Dakota,4,1.7031990551533474,1.3190476190476188,23.881014775424713,20.056619393749365
South Dakota,5,1.6816830527250355,1.2761904761904759,23.223418403542624,20.27443963876756
South Dakota,6,1.7454355573267604,1.3619047619047617,24.78185996198418,20.53156506253847
South Dakota,7,1.7377690496269254,1.3571428571428568,23.741043635453565,18.960574278099315
South Dakota,8,1.8216075231108282,1.3952380952380947,24.75177203748632,20.11625588732459
South Dakota,9,1.643153466557277,1.2619047619047616,22.933590219304502,19.359982838525678
South Dakota,10,1.6770683816338567,1.3190476190476188,24.076447362161645,19.14580456577863
South Dakota,11,1.678000677744143,1.3238095238095233,24.090877376591656,19.12907098729262
South Dakota,12,1.8894147123334442,1.4238095238095234,25.556078841793124,21.655036488053337
South Dakota,13,4.039834332978086,3.504761904761904,72.39413430484858,79.64586673657656
South Dakota,14,1.9404413909684002,1.4571428571428566,30.04032475461046,37.9589958686333
South Dakota,15,1.8595025589047451,1.3857142857142852,29.516515230800938,38.01499536466908
Tennessee,1,13.750294114501479,51.4,35.62612582315516,9.03936432030731
Tennessee,2,5.177845501133985,3.9714285714285715,2.7840752578630674,2.5511597600906026
Tennessee,3,5.173948965650866,4.057142857142857,2.8376466864344954,2.5103377115535577
Tennessee,4,5.277508961653797,4.257142857142857,2.9455903726710027,2.50222724619016
Tennessee,5,5.277508961653797,4.257142857142857,2.9419490134509156,2.50435385897324
Tennessee,6,5.3731357916298865,4.314285714285714,2.961169792671695,2.49632023759686
Tennessee,7,5.4306939680661355,4.485714285714286,3.056114245272879,2.499909296286899
Tennessee,8,5.092918134630717,4.228571428571429,2.8400278106990493,2.4246158054159848
Tennessee,9,5.068770755793747,4.2,2.8062336478726286,2.408758313120928
Tennessee,10,5.129745189995865,4.257142857142857,2.830677085547131,2.397781370140913
Tennessee,11,5.380481375484239,4.371428571428571,2.854486609356655,2.4323621853232154
Tennessee,12,5.487648468541486,4.457142857142857,2.883303231997926,2.4323329241902116
Tennessee,13,13.41659576855496,53.371428571428574,34.05735894381582,7.101701986611734
Tennessee,14,5.120891466509001,4.857142857142857,3.1166662186610687,2.2709998376127776
Tennessee,15,5.252130420084771,4.942857142857143,3.163550671171656,2.235405601007243
Texas,1,23.933837373655138,22.17142857142857,9.332346974560856,5.774383639215147
Texas,2,6.953990451048758,6.085714285714285,2.5153842093490524,1.4010383820109802
Texas,3,6.98714305472751,6.114285714285714,2.531140954077759,1.4010931726517384
Texas,4,7.080568747036682,6.2,2.569376925382672,1.4309042931848233
Texas,5,7.0755823467908625,6.171428571428572,2.5631745613277577,1.4352700180255349
Texas,6,7.043919840734211,6.114285714285714,2.5369665491030426,1.4536564233033946
Texas,7,7.1140764708859745,6.2,2.5679764634422226,1.4459490374626507
Texas,8,6.931477342620439,6.0285714285714285,2.4829801500001856,1.4171375187851756
Texas,9,6.931477342620441,6.0285714285714285,2.484230931738773,1.4155989405273508
Texas,10,7.040936721485743,6.228571428571429,2.555152917554375,1.348047011058692
Texas,11,6.931598576340772,6.142857142857143,2.5019945304537154,1.317547754638601
Texas,12,6.931598576340772,6.142857142857143,2.5006102558136276,1.3197743026362436
Texas,13,21.511380611162995,20.914285714285715,8.447954128519898,4.611717310866352
Texas,14,6.989427790623217,5.542857142857143,2.2269397803335917,1.6958884863936088
Texas,15,6.661440528591875,5.2,2.074558827952639,1.647477262612154
Utah,1,29.169455648968547,44.714285714285715,86.63573107511077,61.97516263403967
Utah,2,6.554490410231381,5.171428571428572,9.804480812449185,7.6886232639173455
Utah,3,6.432323834817895,5.0,9.560280568248942,7.7921156662037605
Utah,4,6.362046074345961,4.857142857142857,9.309654001832902,7.9575329680578335
Utah,5,6.229908884235977,4.685714285714286,9.08191073061137,8.046491789657129
Utah,6,6.203143686602678,4.628571428571429,8.991001639702278,8.106429852525986
Utah,7,6.225051044304912,4.714285714285714,9.17913079972208,8.103265520508
Utah,8,6.242036943985837,4.742857142857143,9.318208653085648,8.048110882919563
Utah,9,6.122969565702659,4.571428571428571,8.953467011748264,8.175531612744633
Utah,10,5.6857480679710894,4.3428571428571425,8.582114226602373,7.91789223333081
Utah,11,5.520778169482871,4.2,8.259855090389749,7.8243891448996585
Utah,12,5.120891466509001,3.9714285714285715,7.844995134922738,7.627861571084584
Utah,13,27.543853498488886,42.42857142857143,80.58227031082858,48.49077323301999
Utah,14,4.8199515322365265,4.485714285714286,9.025644964126837,7.134313320502584
Utah,15,4.8199515322365265,4.485714285714286,9.053016266369177,7.113863569604087
Vermont,1,5.325221421995269,4.285714285714286,38.82101255420583,30.642197170696505
Vermont,2,2.1797386320845167,1.6285714285714286,16.918130655525612,18.021081995091734
Vermont,3,2.2038926600773587,1.6571428571428573,16.867110247362348,18.031278891695383
Vermont,4,2.1623205710765547,1.6,16.474645569183384,18.078503405876102
Vermont,5,2.1329744095822556,1.5714285714285714,16.018296362834178,18.130667497017175
Vermont,6,2.1665912505728495,1.6285714285714286,17.161153505691324,18.350620711917596
Vermont,7,2.1568729309665264,1.6,16.589724934262748,18.569707389621453
Vermont,8,2.180124119510306,1.6285714285714286,17.758556103093916,19.35470419076009
Vermont,9,2.1893554555906105,1.6571428571428573,18.234746579284394,19.10839431055508
Vermont,10,2.171240593367238,1.6285714285714286,18.081685354794594,19.17701415791377
Vermont,11,1.8907114840626495,1.457142857142857,15.63270576295786,15.383942952346803
Vermont,12,1.9302980133046987,1.5142857142857142,16.346991477243574,15.216227207733962
Vermont,13,5.4229515359575675,4.428571428571429,41.357265750122885,29.321259656621177
Vermont,14,2.2979713377036632,1.8,16.54492449660517,15.283116391767074
Vermont,15,2.3310112495177178,1.8285714285714285,16.502907689882477,15.261193536235357
Virginia,1,11.297579126416736,43.2,36.31749282971328,10.164116270148394
Virginia,2,4.704190872478059,3.4571428571428573,2.9802228716033037,3.071087495519146
Virginia,3,4.165686159142403,3.1714285714285713,2.6527101845400543,2.4705896566108767
Virginia,4,3.860378350421544,2.914285714285714,2.4535476706973083,2.3240531903289536
Virginia,5,3.842049523082065,2.942857142857143,2.4846593136313757,2.327703973197815
Virginia,6,3.807776209793,2.914285714285714,2.450825833195953,2.3443737188898557
Virginia,7,3.724098221452438,2.8285714285714287,2.3772846056813255,2.355317148476319
Virginia,8,3.8766701469910263,2.8857142857142857,2.403130932412608,2.3733440957718095
Virginia,9,3.8766701469910267,2.8857142857142857,2.4038458138614343,2.3734483690510086
Virginia,10,3.8682069761174924,2.914285714285714,2.436613376331967,2.3590011065278573
Virginia,11,3.5840449426954044,2.742857142857143,2.302338736243373,2.2675367000530025
Virginia,12,3.6020535692805,2.8285714285714287,2.3680863317474237,2.27915283125078
Virginia,13,11.403007122183666,41.97142857142857,34.426323494761185,10.154699728686191
Virginia,14,5.405879152530576,4.428571428571429,3.652584018262315,2.963487277974232
Virginia,15,4.500606868509395,4.171428571428572,3.443137246631519,2.5581810491273704
Washington,1,8.22549837574671,12.057142857142857,13.280421404555755,9.128469613801336
Washington,2,3.2358288328176634,2.4571428571428573,2.6078040505716844,2.186770305891936
Washington,3,3.2353093964497894,2.4571428571428573,2.6101631593528114,2.184936849823177
Washington,4,3.2118478149742122,2.4285714285714284,2.5651852015308165,2.184209827772466
Washington,5,3.303168837608501,2.5142857142857142,2.6464775412911083,2.2192549535829027
Washington,6,3.358671205835362,2.6,2.7275465943227784,2.2053957709223835
Washington,7,3.436824799998154,2.7142857142857144,2.8604369597712833,2.1761466980004247
Washington,8,3.50941111677652,2.8285714285714287,2.9820175068837447,2.1300174262748564
Washington,9,3.5294677866702306,2.857142857142857,3.012228316133584,2.11869355313928
Washington,10,3.456330205202472,2.742857142857143,2.886639619116316,2.164072090748282
Washington,11,3.5475165890492795,2.857142857142857,2.965279770829175,2.160310025872511
Washington,12,3.5543794740261134,2.8857142857142857,2.9919820405220987,2.128116014316287
Washington,13,8.330565366632152,11.971428571428572,12.47121374203084,7.550772679299745
Washington,14,3.703734204667437,2.857142857142857,2.8336762813880085,2.2640246350060167
Washington,15,3.6102096123879224,2.8285714285714287,2.771564480145772,2.1884272692116404
West Virginia,1,28.55591595684603,33.8,46.562909322892494,39.988252157059286
West Virginia,2,5.479219719950625,4.6,6.255362232455155,4.900632931251776
West Virginia,3,5.518951307033951,4.6,6.245719030912243,4.906990489321347
West Virginia,4,5.527927567658363,4.628571428571429,6.315765113861551,4.891464068564452
West Virginia,5,5.268903542276621,4.4,6.040377850522481,4.9695896724922894
West Virginia,6,5.325537018725448,4.371428571428571,5.991398258685747,4.981332127869832
West Virginia,7,5.4088318687932935,4.485714285714286,6.136063719806904,4.874594458246734
West Virginia,8,5.008060729354983,4.257142857142857,5.811133747818109,4.660898179916414
West Virginia,9,5.925730816893871,4.685714285714286,6.417099210926429,5.582529117313516
West Virginia,10,5.9660101668472185,4.714285714285714,6.41799711880108,5.582811623215196
West Virginia,11,5.977267861861051,4.828571428571428,6.570594521398483,5.580733538176504
West Virginia,12,6.416627559995787,5.0,6.834857621482479,5.974802559746793
West Virginia,13,25.875493743513154,34.4,48.580527788800005,39.608260331272184
West Virginia,14,6.420555226128401,5.485714285714286,7.515887040473819,6.382288526576673
West Virginia,15,6.484240753647302,5.571428571428571,7.624386136314687,6.2822548641969
Wisconsin,1,7.646936004184997,16.771428571428572,18.637054013523596,9.264335226899146
Wisconsin,2,4.386380755754541,3.4285714285714284,3.75899012457143,3.091588776800398
Wisconsin,3,4.334152045046393,3.4,3.687353479901078,2.9943629894336166
Wisconsin,4,4.4466964415954315,3.5142857142857142,3.834612383462501,3.030634404232059
Wisconsin,5,4.460282238497787,3.5428571428571427,3.8972532755964813,3.063044048909644
Wisconsin,6,4.47401460912781,3.5714285714285716,3.9027548343714678,3.06051976276768
Wisconsin,7,4.457455278858691,3.5428571428571427,3.824523541854461,3.000266274990507
Wisconsin,8,4.4466964415954315,3.5142857142857142,3.772630989961909,3.0344157306166877
Wisconsin,9,4.231335685179358,3.2857142857142856,3.541750759081678,3.0042505965627004
Wisconsin,10,4.213224478259101,3.257142857142857,3.516807448424082,3.0143872554754942
Wisconsin,11,4.3289139282641464,3.4285714285714284,3.6658757714054477,2.96394183544554
Wisconsin,12,4.31666693704508,3.4,3.6244779033956505,2.9915713728300997
Wisconsin,13,8.65462425576081,16.65714285714286,17.79244022669617,9.948983576521819
Wisconsin,14,4.014260294784796,3.085714285714286,3.305173270381087,2.726897546493659
Wisconsin,15,4.294221248894121,3.3142857142857145,3.5090942510010974,2.8127168410069734
Wyoming,1,3.918979887846394,10.257142857142858,181.3780561175519,147.73106197385027
Wyoming,2,2.044360967321056,1.542857142857143,23.87639857807925,22.51001413305585
Wyoming,3,2.187435473237972,1.6428571428571428,27.902372604053276,30.845478660684574
Wyoming,4,2.187435473237972,1.6428571428571428,27.739107297930826,30.903604289985385
Wyoming,5,2.187819604503246,1.6428571428571428,28.233612792436322,30.711266164843032
Wyoming,6,2.194148061158525,1.6714285714285715,28.519327078150607,30.486570892443982
Wyoming,7,2.2107453399211754,1.7,30.185993744817278,30.941680015661518
Wyoming,8,2.179256676912003,1.6571428571428573,30.18599374481727,30.941680015661518
Wyoming,9,2.33128161095562,1.7714285714285714,31.86966721420503,31.548336621328133
Wyoming,10,2.1637774315093603,1.6571428571428573,30.237014152980535,30.91311853584366
Wyoming,11,2.156872930966527,1.6428571428571428,29.964905309443118,31.07756177651776
Wyoming,12,2.244507769211419,1.7142857142857142,30.890075377470332,31.0790541704677
Wyoming,13,4.153817723573373,10.214285714285714,189.22913780896974,110.32902159097438
Wyoming,14,2.1059140413558746,1.542857142857143,28.844341932577223,27.44171580792467
Wyoming,15,2.2200386097028644,1.6142857142857143,29.060792149027442,27.507962168263994
